{"name":"2833196c-9f24-4696-8fe9-f0fadcc694c3","id":"/providers/Microsoft.Flow/flows/2833196c-9f24-4696-8fe9-f0fadcc694c3","type":"Microsoft.Flow/flows","properties":{"apiId":"/providers/Microsoft.PowerApps/apis/shared_logicflows","displayName":"Reactor_Designing_App_Flow","definition":{"metadata":{"workflowEntityId":null,"processAdvisorMetadata":null,"flowclientsuspensionreason":"None","flowclientsuspensiontime":null,"flowclientsuspensionreasondetails":null,"creator":{"id":"d0461964-21df-40c3-9f36-899bff1d35e4","type":"User","tenantId":"e9112c5c-e4bb-4ab9-8b4c-3692f43531a7"},"provisioningMethod":"FromDefinition","failureAlertSubscription":true,"clientLastModifiedTime":"2022-11-26T16:48:35.5644601Z"},"$schema":"https://schema.management.azure.com/providers/Microsoft.Logic/schemas/2016-06-01/workflowdefinition.json#","contentVersion":"1.0.0.0","parameters":{"$authentication":{"defaultValue":{},"type":"SecureObject"}},"triggers":{"manual":{"metadata":{"operationMetadataId":"bd6a0887-e08c-475f-8e84-009e0bd61e10"},"type":"Request","kind":"PowerApp","inputs":{"schema":{"type":"object","properties":{"Setkvariable_Value":{"type":"number","description":"Enter initial value","x-ms-powerflows-param-ispartial":false},"SetV0variable_Value":{"type":"number","description":"Enter initial value","x-ms-powerflows-param-ispartial":false},"SetCa0variable_Value":{"type":"number","description":"Enter initial value","x-ms-powerflows-param-ispartial":false},"SetXvariable_Value":{"type":"number","description":"Enter initial value","x-ms-powerflows-param-ispartial":false},"SetConditionvariable_Value":{"type":"integer","description":"Enter initial value","x-ms-powerflows-param-ispartial":false}},"required":["Setkvariable_Value","SetV0variable_Value","SetCa0variable_Value","SetXvariable_Value","SetConditionvariable_Value"]}}}},"actions":{"Set_k_variable":{"runAfter":{},"metadata":{"operationMetadataId":"33bc8753-bac6-4591-8f21-15b05f80de85"},"type":"InitializeVariable","inputs":{"variables":[{"name":"\"k\"","type":"float","value":"@triggerBody()['Setkvariable_Value']"}]}},"Set_V0_variable":{"runAfter":{"Set_k_variable":["Succeeded"]},"metadata":{"operationMetadataId":"54d27956-f0a7-4e03-b1fa-eb9406d625cf"},"type":"InitializeVariable","inputs":{"variables":[{"name":"V0","type":"float","value":"@triggerBody()['SetV0variable_Value']"}]}},"Set_Ca0_variable":{"runAfter":{"Set_V0_variable":["Succeeded"]},"metadata":{"operationMetadataId":"010c592d-42e3-44af-9823-a0a2f3133646"},"type":"InitializeVariable","inputs":{"variables":[{"name":"Ca0","type":"float","value":"@triggerBody()['SetCa0variable_Value']"}]}},"Set_X_variable":{"runAfter":{"Set_Ca0_variable":["Succeeded"]},"metadata":{"operationMetadataId":"7a54bc57-a6d9-49d6-bc2a-ae082bbadc66"},"type":"InitializeVariable","inputs":{"variables":[{"name":"X","type":"float","value":"@triggerBody()['SetXvariable_Value']"}]}},"Set_Condition_variable":{"runAfter":{"Set_X_variable":["Succeeded"]},"metadata":{"operationMetadataId":"3ade9405-b780-46df-9625-44626c3b4dc4"},"type":"InitializeVariable","inputs":{"variables":[{"name":"Condition","type":"integer","value":"@triggerBody()['SetConditionvariable_Value']"}]}},"Respond_to_a_PowerApp_or_flow":{"runAfter":{"Try":["Succeeded","Failed","Skipped","TimedOut"]},"metadata":{"operationMetadataId":"5d439c5a-a846-4a86-87d1-746da4143390"},"type":"Response","kind":"PowerApp","inputs":{"statusCode":200,"body":{"result":"@{variables('Result')}"},"schema":{"type":"object","properties":{"result":{"title":"Result","x-ms-dynamically-added":true,"type":"boolean"}}}}},"Try":{"actions":{"Switch":{"runAfter":{},"cases":{"Case":{"case":0,"actions":{"FPR_HTTP_Request":{"runAfter":{},"type":"Http","inputs":{"method":"POST","uri":"https://portal.azure.com/#home","body":{"k":"@variables('\"k\"')","Ca0":"@variables('Ca0')","V0":"@variables('V0')","X":"@variables('X')"}}}}},"Case_2":{"case":1,"actions":{"CSTR_HTTP_Request":{"runAfter":{},"type":"Http","inputs":{"method":"POST","uri":"https://portal.azure.com/#home","body":{"k":"@variables('\"k\"')","Ca0":"@variables('Ca0')","X":"@variables('X')"}}}}},"Case_3":{"case":2,"actions":{"DSTR_HTTP_Request":{"runAfter":{},"type":"Http","inputs":{"method":"POST","uri":"https://portal.azure.com/#home","body":{"k":"@variables('\"k\"')","Ca0":"@variables('Ca0')","X":"@variables('X')"}}}}}},"default":{"actions":{}},"expression":"@variables('Condition')","metadata":{"operationMetadataId":"4e1f8684-6fae-4af6-ade1-bb948a248f62"},"type":"Switch"},"Reset_Result_variable":{"runAfter":{"Switch":["Succeeded"]},"metadata":{"operationMetadataId":"d3d00a2a-9fb9-4711-8ff6-416f5c5c9965"},"type":"SetVariable","inputs":{"name":"Result","value":true}}},"runAfter":{"Set_Result_variable":["Succeeded"]},"metadata":{"operationMetadataId":"2eb73220-8d6b-49db-94b8-704af7dcf90e"},"type":"Scope"},"Set_Result_variable":{"runAfter":{"Set_Condition_variable":["Succeeded"]},"metadata":{"operationMetadataId":"e57c475c-2f18-463e-bab8-86a115b88069"},"type":"InitializeVariable","inputs":{"variables":[{"name":"Result","type":"boolean","value":false}]}}}},"connectionReferences":{},"flowFailureAlertSubscribed":false,"isManaged":false}}