{"schemaVersion":"1.0","appDefinitionTemplate":{"id":"/providers/Microsoft.PowerApps/apps/","type":"Microsoft.PowerApps/apps","tags":{"primaryDeviceWidth":"1366","primaryDeviceHeight":"768","supportsPortrait":"true","supportsLandscape":"true","primaryFormFactor":"Tablet","publisherVersion":"3.22122.15","minimumRequiredApiVersion":"2.2.0","hasComponent":"false","hasUnlockedComponent":"false","isUnifiedRootApp":"false","sienaVersion":"20221228T185231Z-3.22122.15.0"},"properties":{"appVersion":"2022-12-28T18:52:31Z","lifeCycleId":"Published","createdByClientVersion":{"major":3,"minor":22122,"build":15,"revision":0,"majorRevision":0,"minorRevision":0},"minClientVersion":{"major":3,"minor":22122,"build":15,"revision":0,"majorRevision":0,"minorRevision":0},"backgroundColor":"rgba(255, 255, 255, 1)","backgroundImageUri":"/11450004868836941191/N0281854a-4821-4af0-98e2-f21e0e13833a-logoSmallFile","displayName":"Reactor_Design_App","description":"","commitMessage":"","appUris":{"documentUri":{"value":"/11450004868836941191/N5b32eee8-c086-4d6c-a869-62e3c8019e97-document.msapp"},"imageUris":[],"additionalUris":[]},"createdTime":"0001-01-01T00:00:00Z","lastModifiedTime":"0001-01-01T00:00:00Z","sharedGroupsCount":0,"sharedUsersCount":0,"icons":{"smallIconUri":"/11450004868836941191/N20a8aebf-5d85-4248-a903-b7fb10797529-small.png","mediumIconUri":"/11450004868836941191/N3a2012ac-7f0f-4a66-b4b1-28ef60473c1a-medium.png","largeIconUri":"/11450004868836941191/N2f21a0f9-15e9-459e-8414-d1e1a3cf0dae-large.png","wideIconUri":"/11450004868836941191/N9d3a3fe6-496e-4e6a-9bca-9923a483ac0a-wide.png"},"connectionReferences":{"249e4be4-fff6-4f77-bfe0-b1493621d293":{"id":"82941e9d-6225-4590-aeea-dcdf97cd516a","displayName":"SharePoint","iconUri":"https://connectoricons-prod.azureedge.net/u/juanq/gateway/greyhound/3000.150.11/1.0.1613.3116/sharepointonline/icon.png","dataSources":["CSTR_Reactor"],"dependencies":[],"dependents":["931ebf7e-1656-4bc5-8dd1-cbe46dc0ef30"],"parameterHints":{},"parameterHintsV2":{},"isOnPremiseConnection":false,"bypassConsent":false,"dataSets":{"https://t8656.sharepoint.com/sites/Reactor_Simulations/":{"dataSources":{"CSTR_Reactor":{"tableName":"459a2970-a759-48df-9d4c-71608f9daea0"}}}},"apiTier":"Standard","isCustomApiConnection":false,"actions":["providers/PowerPlatform.Governance/Operations/Read","providers/PowerPlatform.Governance/Operations/Write"]},"931ebf7e-1656-4bc5-8dd1-cbe46dc0ef30":{"id":"1b054fff-6a90-4c45-90f9-58e3b402966e","displayName":"Flujos lógicos","iconUri":"https://connectoricons-prod.azureedge.net/releases/v1.0.1534/1.0.1534.2605/logicflows/icon.png","dataSources":["Reactor_Designing_App_Flow"],"dependencies":["249e4be4-fff6-4f77-bfe0-b1493621d293"],"dependents":[],"parameterHints":{"workflowName":{"value":"a723eb3d-0bde-4dfa-ada7-7643bbe98318"},"workflowEntityId":{},"249e4be4-fff6-4f77-bfe0-b1493621d293":{"value":"shared_sharepointonline"}},"parameterHintsV2":{"workflowName":{"value":"a723eb3d-0bde-4dfa-ada7-7643bbe98318"},"workflowEntityId":{},"shared_sharepointonline":{"value":"249e4be4-fff6-4f77-bfe0-b1493621d293"}},"isOnPremiseConnection":false,"bypassConsent":false,"dataSets":{},"apiTier":"Standard","isCustomApiConnection":false,"actions":["Run"],"nestedActions":[{"id":"/providers/Microsoft.PowerApps/apis/shared_sharepointonline/apiOperations/PostItem","apiName":"SharePoint","actionName":"PostItem","referencedResources":[{"key":"site","value":"https://t8656.sharepoint.com/sites/Reactor_Simulations"},{"key":"list","value":"459a2970-a759-48df-9d4c-71608f9daea0"}]},{"id":"/providers/Microsoft.PowerApps/apis/shared_sharepointonline/apiOperations/GetItems","apiName":"SharePoint","actionName":"GetItems","referencedResources":[{"key":"site","value":"https://t8656.sharepoint.com/sites/Reactor_Simulations"},{"key":"list","value":"459a2970-a759-48df-9d4c-71608f9daea0"}]},{"id":"/providers/Microsoft.PowerApps/apis/shared_sharepointonline/apiOperations/DeleteItem","apiName":"SharePoint","actionName":"DeleteItem","referencedResources":[{"key":"site","value":"https://t8656.sharepoint.com/sites/Reactor_Simulations"},{"key":"list","value":"459a2970-a759-48df-9d4c-71608f9daea0"}]}]}},"databaseReferences":{},"almMode":"Environment","performanceOptimizationEnabled":true,"canConsumeAppPass":true,"enableModernRuntimeMode":false,"executionRestrictions":{"isTeamsOnly":false,"dataLossPreventionEvaluationResult":{"status":"Compliant","lastEvaluationDate":"2022-12-28T18:52:48.9907713Z","violations":[],"violationsByPolicy":[],"violationErrorMessage":"La aplicación usa los siguientes conectores: shared_sharepointonline, shared_logicflows."},"httpActionRestriction":{"appUsesSharepointHttpAction":false,"enforcementStrategy":"Legacy","evaluationTime":"2022-12-28T18:52:48.9906498Z"}}},"appType":"ClassicCanvasApp","appComponents":[]}}