{"schemaVersion":"1.0","appDefinitionTemplate":{"id":"/providers/Microsoft.PowerApps/apps/","type":"Microsoft.PowerApps/apps","tags":{"primaryDeviceWidth":"1366","primaryDeviceHeight":"768","supportsPortrait":"true","supportsLandscape":"true","primaryFormFactor":"Tablet","publisherVersion":"3.22111.19","minimumRequiredApiVersion":"2.2.0","hasComponent":"false","hasUnlockedComponent":"false","isUnifiedRootApp":"false","sienaVersion":"20221127T185727Z-3.22111.19.0"},"properties":{"appVersion":"2022-11-27T18:57:27Z","lifeCycleId":"Published","createdByClientVersion":{"major":3,"minor":22111,"build":19,"revision":0,"majorRevision":0,"minorRevision":0},"minClientVersion":{"major":3,"minor":22111,"build":19,"revision":0,"majorRevision":0,"minorRevision":0},"backgroundColor":"rgba(255, 255, 255, 1)","backgroundImageUri":"/11450004868836941191/N2db79292-3229-44f2-986f-4c75df2c2b2a-logoSmallFile","displayName":"Reactor_Design_App","description":"","commitMessage":"","appUris":{"documentUri":{"value":"/11450004868836941191/N2f904941-745b-44ce-a902-b0e2696ce752-document.msapp"},"imageUris":[],"additionalUris":[]},"createdTime":"0001-01-01T00:00:00Z","lastModifiedTime":"0001-01-01T00:00:00Z","sharedGroupsCount":0,"sharedUsersCount":0,"icons":{"smallIconUri":"/11450004868836941191/Nd9ca6281-ad4b-438b-bc8d-29e25843ef23-small.png","mediumIconUri":"/11450004868836941191/Nc2774c89-1076-453b-a725-30da8c3b2da7-medium.png","largeIconUri":"/11450004868836941191/N3265dc58-9bc9-4f0b-a558-58293374278c-large.png","wideIconUri":"/11450004868836941191/N85b834ff-e36c-47bc-8944-45c38ac82dd3-wide.png"},"connectionReferences":{},"databaseReferences":{},"almMode":"Environment","performanceOptimizationEnabled":true,"canConsumeAppPass":true,"enableModernRuntimeMode":false,"executionRestrictions":{"isTeamsOnly":false,"dataLossPreventionEvaluationResult":{"status":"Compliant","lastEvaluationDate":"2022-11-26T21:02:48.5131126Z","violations":[],"violationsByPolicy":[],"violationErrorMessage":"La aplicación usa los siguientes conectores: ."}}},"appType":"ClassicCanvasApp","appComponents":[]}}